"","Hour of Day Ending at LST","Total Solar Rad  ly"," Wind Ave mph"," Wind V Dir Deg"," Wind Max mph","Air Temperature Mean Deg F","Soil Temperature Mean Deg F","Relative Humidity Mean Perent"," Dew Point Deg F"," Wet Bulb Deg F"," Baro Press in Hg"," Total Preip inhes","day","month","year"
"5","1 am","0.0","18.7","318","39.7","50.2","69.1","59","36","43","25.56","0.00",1,"05","19"
"6","2 am","0.0","21.0","304","36.0","49.0","68.2","63","37","43","25.56","0.00",1,"05","19"
"7","3 am","0.0","18.4","310","30.0","48.3","67.4","66","38","43","25.57","0.00",1,"05","19"
"8","4 am","0.0","16.6","317","26.6","48.7","66.6","63","37","43","25.59","0.00",1,"05","19"
"9","5 am","0.1","13.8","311","22.1","50.4","65.9","57","36","43","25.61","0.00",1,"05","19"
"10","6 am","5.6","13.5","312","21.5","50.7","65.1","57","36","43","25.62","0.00",1,"05","19"
"11","7 am","24.5","14.0","313","21.7","52.3","64.4","50","34","43","25.65","0.00",1,"05","19"
"12","8 am","42.9","13.9","313","24.9","54.0","63.9","43","32","43","25.67","0.00",1,"05","19"
"13","9 am","59.3","12.5","314","24.6","55.4","63.5","36","29","43","25.68","0.00",1,"05","19"
"14","10 am","72.4","8.9","308","20.3","58.9","63.3","35","31","45","25.69","0.00",1,"05","19"
"15","11 am","80.6","5.3","117","11.0","62.2","63.4","33","33","47","25.69","0.00",1,"05","19"
"16","12 pm","83.9","3.5","75","13.2","64.1","64.1","30","32","47","25.69","0.00",1,"05","19"
"17","1 pm","83.0","5.0","71","13.1","65.4","65.6","28","31","48","25.68","0.00",1,"05","19"
"18","2 pm","75.6","3.8","123","13.8","67.3","67.6","27","32","49","25.67","0.00",1,"05","19"
"19","3 pm","61.7","3.7","217","14.8","67.9","69.7","26","32","49","25.66","0.00",1,"05","19"
"20","4 pm","42.2","5.0","129","14.0","67.0","71.6","26","31","48","25.66","0.00",1,"05","19"
"21","5 pm","28.3","4.9","56","12.7","66.8","73.0","24","29","48","25.65","0.00",1,"05","19"
"22","6 pm","8.4","8.2","308","16.1","63.3","73.9","23","25","45","25.64","0.00",1,"05","19"
"23","7 pm","0.6","9.0","309","13.3","60.8","74.2","24","24","44","25.64","0.00",1,"05","19"
"24","8 pm","0.0","8.4","305","13.5","59.5","74.0","26","24","43","25.66","0.00",1,"05","19"
"25","9 pm","0.0","5.2","282","9.7","58.6","73.4","28","25","43","25.67","0.00",1,"05","19"
"26","10 pm","0.0","5.1","62","11.5","58.0","72.7","28","25","43","25.69","0.00",1,"05","19"
"27","11 pm","0.0","5.6","37","9.5","58.4","71.9","27","24","43","25.70","0.00",1,"05","19"
"28","12 am","0.0","1.6","317","6.9","54.0","71.1","38","29","42","25.71","0.00",1,"05","19"
"51","1 am","0.0","3.3","278","4.8","51.5","70.3","44","30","41","25.70","0.00",2,"05","19"
"61","2 am","0.0","2.6","284","5.3","52.0","69.5","41","29","41","25.68","0.00",2,"05","19"
"71","3 am","0.0","3.6","277","5.6","51.0","68.7","44","30","41","25.68","0.00",2,"05","19"
"81","4 am","0.0","3.2","274","5.6","50.3","67.9","44","29","40","25.68","0.00",2,"05","19"
"91","5 am","0.1","3.5","273","5.8","51.3","67.2","40","28","40","25.68","0.00",2,"05","19"
"101","6 am","5.9","3.0","277","5.1","52.2","66.4","43","30","41","25.68","0.00",2,"05","19"
"111","7 am","24.9","2.2","84","5.8","62.5","65.5","26","27","45","25.70","0.00",2,"05","19"
"121","8 am","38.5","2.6","102","8.0","64.5","65.0","22","25","45","25.71","0.00",2,"05","19"
"131","9 am","58.3","3.6","119","10.2","66.0","64.7","21","25","46","25.71","0.00",2,"05","19"
"141","10 am","70.9","4.9","132","12.6","67.3","64.6","20","25","47","25.72","0.00",2,"05","19"
"151","11 am","77.8","5.0","141","16.2","68.4","64.9","20","25","47","25.72","0.00",2,"05","19"
"161","12 pm","74.7","5.4","164","13.8","68.5","65.7","20","26","48","25.71","0.00",2,"05","19"
"171","1 pm","66.3","4.4","186","14.0","69.0","67.2","21","27","48","25.69","0.00",2,"05","19"
"181","2 pm","67.9","4.7","152","13.2","71.2","68.8","19","27","49","25.68","0.00",2,"05","19"
"191","3 pm","48.8","3.8","202","12.8","70.9","70.5","18","26","48","25.67","0.00",2,"05","19"
"201","4 pm","35.4","4.0","281","10.8","70.7","72.0","18","26","48","25.65","0.00",2,"05","19"
"211","5 pm","28.6","3.5","193","11.2","71.3","73.2","16","23","48","25.65","0.00",2,"05","19"
"221","6 pm","10.5","4.3","274","9.2","69.3","73.8","17","22","47","25.65","0.00",2,"05","19"
"231","7 pm","0.6","3.3","286","6.7","64.1","74.2","23","26","46","25.65","0.00",2,"05","19"
"241","8 pm","0.0","4.8","298","7.1","62.5","74.0","24","25","45","25.66","0.00",2,"05","19"
"251","9 pm","0.0","4.8","303","6.9","61.1","73.6","26","26","44","25.67","0.00",2,"05","19"
"261","10 pm","0.0","4.5","292","7.8","61.9","72.9","24","25","44","25.67","0.00",2,"05","19"
"271","11 pm","0.0","3.4","275","5.6","60.4","72.2","28","27","44","25.67","0.00",2,"05","19"
"281","12 am","0.0","1.9","296","5.0","56.1","71.4","33","27","42","25.67","0.00",2,"05","19"
"52","1 am","0.0","3.9","280","5.8","55.6","70.6","34","28","42","25.66","0.00",3,"05","19"
"62","2 am","0.0","4.0","277","5.7","56.2","69.9","34","28","43","25.66","0.00",3,"05","19"
"72","3 am","0.0","4.9","275","7.1","56.8","69.1","32","27","43","25.66","0.00",3,"05","19"
"82","4 am","0.0","5.4","269","8.2","58.0","68.4","30","26","43","25.66","0.00",3,"05","19"
"92","5 am","0.2","4.7","281","5.8","53.9","67.7","38","29","42","25.66","0.00",3,"05","19"
"102","6 am","6.2","4.5","282","6.0","54.6","67.1","40","31","43","25.67","0.00",3,"05","19"
"112","7 am","24.8","1.7","309","4.2","67.8","66.3","22","27","47","25.69","0.00",3,"05","19"
"122","8 am","43.6","2.5","358","7.8","71.2","65.8","17","24","48","25.70","0.00",3,"05","19"
"132","9 am","60.2","4.8","112","9.9","71.6","65.5","17","24","48","25.71","0.00",3,"05","19"
"142","10 am","69.2","3.7","196","11.8","72.8","65.5","17","25","49","25.71","0.00",3,"05","19"
"152","11 am","78.9","4.4","152","14.8","74.1","65.8","15","23","49","25.71","0.00",3,"05","19"
"162","12 pm","81.7","3.8","176","12.8","74.6","66.6","15","24","49","25.70","0.00",3,"05","19"
"172","1 pm","81.6","4.6","126","16.2","74.5","68.1","14","23","49","25.68","0.00",3,"05","19"
"182","2 pm","76.7","4.6","194","14.6","76.5","70.1","13","22","50","25.67","0.00",3,"05","19"
"192","3 pm","65.1","4.4","176","15.0","76.6","72.1","12","21","49","25.65","0.00",3,"05","19"
"202","4 pm","49.7","5.0","219","12.8","76.1","74.0","12","20","49","25.63","0.00",3,"05","19"
"212","5 pm","31.6","5.1","262","10.7","76.2","75.5","11","19","49","25.63","0.00",3,"05","19"
"222","6 pm","8.9","2.8","249","11.4","73.4","76.5","13","20","48","25.62","0.00",3,"05","19"
"232","7 pm","0.5","1.5","288","3.7","67.8","76.9","19","24","47","25.61","0.00",3,"05","19"
"242","8 pm","0.0","2.8","282","4.1","64.0","76.7","25","27","46","25.62","0.00",3,"05","19"
"252","9 pm","0.0","3.3","275","4.3","60.3","76.2","30","29","45","25.63","0.00",3,"05","19"
"262","10 pm","0.0","3.7","282","5.1","59.9","75.5","30","28","44","25.64","0.00",3,"05","19"
"272","11 pm","0.0","3.0","283","4.5","59.6","74.7","30","28","44","25.63","0.00",3,"05","19"
"282","12 am","0.0","5.9","323","12.3","64.3","73.8","23","26","46","25.62","0.00",3,"05","19"
"53","1 am","0.0","8.4","306","13.3","64.7","73.0","22","25","45","25.61","0.00",4,"05","19"
"63","2 am","0.0","5.7","284","10.1","64.0","72.2","23","25","45","25.60","0.00",4,"05","19"
"73","3 am","0.0","7.4","315","14.6","64.6","71.5","22","25","45","25.60","0.00",4,"05","19"
"83","4 am","0.0","9.0","309","13.7","63.6","70.9","20","22","44","25.59","0.00",4,"05","19"
"93","5 am","0.2","7.5","294","14.7","62.4","70.3","19","19","43","25.60","0.00",4,"05","19"
"103","6 am","6.4","4.4","273","8.8","63.9","69.7","19","21","44","25.60","0.00",4,"05","19"
"113","7 am","25.3","1.4","315","4.3","71.1","69.0","17","24","48","25.61","0.00",4,"05","19"
"123","8 am","43.8","2.7","54","7.8","73.5","68.6","16","24","49","25.62","0.00",4,"05","19"
"133","9 am","60.4","4.7","122","11.7","73.8","68.3","16","24","49","25.63","0.00",4,"05","19"
"143","10 am","73.1","4.5","184","14.2","74.7","68.2","15","25","50","25.63","0.00",4,"05","19"
"153","11 am","81.1","5.3","149","13.3","75.6","68.5","15","25","50","25.63","0.00",4,"05","19"
"163","12 pm","84.8","5.0","171","17.1","76.3","69.4","14","24","50","25.62","0.00",4,"05","19"
"173","1 pm","82.8","4.9","210","13.6","76.4","70.9","13","21","49","25.60","0.00",4,"05","19"
"183","2 pm","75.4","4.6","197","14.9","77.2","72.8","12","20","50","25.59","0.00",4,"05","19"
"193","3 pm","63.3","4.3","219","14.2","77.8","74.8","11","18","49","25.57","0.00",4,"05","19"
"203","4 pm","49.7","4.3","204","15.1","77.4","76.5","10","16","49","25.56","0.00",4,"05","19"
"213","5 pm","32.1","4.7","224","15.9","77.3","77.8","10","17","49","25.55","0.00",4,"05","19"
"223","6 pm","9.3","2.7","218","10.0","74.9","78.7","11","17","48","25.54","0.00",4,"05","19"
"233","7 pm","0.6","1.2","303","3.1","68.2","79.0","16","19","46","25.54","0.00",4,"05","19"
"243","8 pm","0.0","3.2","282","5.3","64.4","78.8","19","22","45","25.55","0.00",4,"05","19"
"253","9 pm","0.0","4.8","303","12.1","65.1","78.2","19","22","45","25.55","0.00",4,"05","19"
"263","10 pm","0.0","12.2","320","22.7","67.7","77.4","19","24","47","25.55","0.00",4,"05","19"
"273","11 pm","0.0","14.7","316","23.4","65.7","76.6","22","26","46","25.55","0.00",4,"05","19"
"283","12 am","0.0","9.7","298","16.3","64.3","75.8","23","26","46","25.54","0.00",4,"05","19"
"54","1 am","0.0","9.0","303","15.3","63.4","75.0","23","25","45","25.53","0.00",5,"05","19"
"64","2 am","0.0","12.1","308","18.6","62.7","74.3","23","24","44","25.52","0.00",5,"05","19"
"74","3 am","0.0","13.8","313","21.7","62.2","73.5","22","23","44","25.51","0.00",5,"05","19"
"84","4 am","0.0","12.3","313","21.7","62.2","72.9","22","23","44","25.51","0.00",5,"05","19"
"94","5 am","0.1","10.9","314","18.3","61.8","72.2","22","23","44","25.51","0.00",5,"05","19"
"104","6 am","6.5","8.7","313","15.6","62.0","71.6","22","23","44","25.52","0.00",5,"05","19"
"114","7 am","25.9","9.9","326","17.7","63.9","70.9","22","24","45","25.53","0.00",5,"05","19"
"124","8 am","44.6","9.1","310","15.3","66.4","70.4","21","25","46","25.54","0.00",5,"05","19"
"134","9 am","61.3","5.7","297","13.1","69.7","70.0","18","24","47","25.54","0.00",5,"05","19"
"144","10 am","74.3","5.7","128","14.0","72.0","69.8","16","23","48","25.55","0.00",5,"05","19"
"154","11 am","82.6","6.3","94","13.4","72.8","70.0","15","22","48","25.55","0.00",5,"05","19"
"164","12 pm","86.3","4.9","175","12.2","74.2","70.7","12","18","48","25.54","0.00",5,"05","19"
"174","1 pm","83.9","5.5","175","16.9","74.3","72.1","10","13","47","25.53","0.00",5,"05","19"
"184","2 pm","78.5","5.6","209","18.1","75.2","73.9","9","14","48","25.51","0.00",5,"05","19"
"194","3 pm","66.8","6.0","196","21.7","74.9","75.8","9","13","47","25.50","0.00",5,"05","19"
"204","4 pm","51.4","5.4","142","21.0","74.9","77.4","9","13","47","25.49","0.00",5,"05","19"
"214","5 pm","32.8","6.4","145","18.6","74.4","78.8","10","15","47","25.48","0.00",5,"05","19"
"224","6 pm","9.5","6.1","110","18.9","71.9","79.6","11","14","46","25.47","0.00",5,"05","19"
"234","7 pm","0.5","5.3","230","13.6","68.4","79.9","12","15","45","25.47","0.00",5,"05","19"
"244","8 pm","0.0","3.1","277","9.1","65.6","79.7","13","14","43","25.48","0.00",5,"05","19"
"254","9 pm","0.0","1.1","18","7.4","62.2","79.1","19","19","43","25.49","0.00",5,"05","19"
"264","10 pm","0.0","10.1","320","18.7","60.3","78.3","36","33","46","25.49","0.00",5,"05","19"
"274","11 pm","0.0","15.8","312","25.5","57.4","77.4","45","36","46","25.49","0.00",5,"05","19"
"284","12 am","0.0","16.3","313","29.9","55.4","76.5","49","37","46","25.48","0.00",5,"05","19"
"55","1 am","0.0","18.4","312","26.8","54.1","75.7","54","38","45","25.48","0.00",6,"05","19"
"65","2 am","0.0","20.3","310","31.5","52.5","74.8","58","38","45","25.47","0.00",6,"05","19"
"75","3 am","0.0","19.2","308","31.7","51.4","74.0","60","38","44","25.48","0.00",6,"05","19"
"85","4 am","0.0","18.1","313","29.4","51.3","73.2","60","38","44","25.48","0.00",6,"05","19"
"95","5 am","0.2","18.3","315","28.3","50.5","72.5","61","38","44","25.48","0.00",6,"05","19"
"105","6 am","6.7","16.6","310","26.2","50.3","71.7","61","37","44","25.50","0.00",6,"05","19"
"115","7 am","25.9","13.3","315","22.3","53.2","70.9","52","36","44","25.52","0.00",6,"05","19"
"125","8 am","43.9","10.1","308","18.8","56.1","70.3","48","37","46","25.53","0.00",6,"05","19"
"135","9 am","59.6","4.3","209","10.8","60.3","69.8","41","36","47","25.54","0.00",6,"05","19"
"145","10 am","70.1","5.6","105","13.6","61.6","69.5","38","36","48","25.55","0.00",6,"05","19"
"155","11 am","65.8","6.6","119","17.0","62.8","69.5","34","34","48","25.55","0.00",6,"05","19"
"165","12 pm","66.4","6.2","124","16.1","63.7","70.1","31","32","47","25.55","0.00",6,"05","19"
"175","1 pm","63.8","8.0","111","21.2","63.5","71.1","32","33","47","25.55","0.00",6,"05","19"
"185","2 pm","45.0","4.5","142","15.1","64.4","72.3","29","31","47","25.54","0.00",6,"05","19"
"195","3 pm","29.6","3.6","165","12.7","63.8","73.6","27","29","46","25.53","0.00",6,"05","19"
"205","4 pm","53.6","4.8","236","13.0","66.5","74.4","23","28","47","25.53","0.00",6,"05","19"
"215","5 pm","31.6","3.6","233","13.0","66.2","75.1","24","28","47","25.53","0.00",6,"05","19"
"225","6 pm","2.2","3.3","266","10.2","62.2","75.7","28","28","45","25.52","0.00",6,"05","19"
"235","7 pm","0.3","7.0","333","21.6","60.1","76.0","33","31","45","25.53","0.00",6,"05","19"
"245","8 pm","0.0","8.9","310","22.9","57.7","75.9","39","33","45","25.54","0.00",6,"05","19"
"255","9 pm","0.0","9.7","305","23.2","56.7","75.5","41","33","45","25.55","0.00",6,"05","19"
"265","10 pm","0.0","11.7","321","26.7","55.2","75.0","44","34","44","25.56","0.00",6,"05","19"
"275","11 pm","0.0","14.7","323","25.9","53.5","74.4","50","35","44","25.56","0.00",6,"05","19"
"285","12 am","0.0","17.4","319","24.9","52.1","73.7","54","36","44","25.57","0.00",6,"05","19"
"56","1 am","0.0","15.5","321","21.2","51.8","73.0","55","36","44","25.57","0.00",7,"05","19"
"66","2 am","0.0","13.6","317","19.5","51.7","72.3","56","36","44","25.57","0.00",7,"05","19"
"76","3 am","0.0","13.1","311","18.6","52.2","71.6","54","36","44","25.57","0.00",7,"05","19"
"86","4 am","0.0","10.3","309","18.9","52.3","70.9","53","36","44","25.58","0.00",7,"05","19"
"96","5 am","0.2","5.6","297","13.8","52.1","70.3","52","35","43","25.59","0.00",7,"05","19"
"106","6 am","7.0","2.7","242","8.4","53.4","69.6","50","35","44","25.62","0.00",7,"05","19"
"116","7 am","25.8","4.4","284","10.1","57.7","68.9","44","36","46","25.64","0.00",7,"05","19"
"126","8 am","43.8","3.5","308","10.0","59.9","68.4","41","36","47","25.66","0.00",7,"05","19"
"136","9 am","60.0","4.0","183","10.2","62.9","68.1","35","35","48","25.67","0.00",7,"05","19"
"146","10 am","72.7","4.0","216","12.2","64.6","67.9","32","34","48","25.67","0.00",7,"05","19"
"156","11 am","80.5","3.9","193","12.5","66.1","68.0","30","34","49","25.67","0.00",7,"05","19"
"166","12 pm","83.5","5.9","207","14.4","67.5","68.7","29","34","49","25.67","0.00",7,"05","19"
"176","1 pm","81.4","5.4","161","16.4","69.9","70.0","24","31","50","25.65","0.00",7,"05","19"
"186","2 pm","75.8","8.2","279","19.7","71.1","71.6","23","32","50","25.65","0.00",7,"05","19"
"196","3 pm","65.4","8.1","270","24.0","72.2","73.4","22","31","51","25.63","0.00",7,"05","19"
"206","4 pm","49.0","9.1","275","21.4","72.6","75.1","20","30","50","25.61","0.00",7,"05","19"
"216","5 pm","26.7","5.7","229","14.7","71.2","76.4","24","32","50","25.61","0.00",7,"05","19"
"226","6 pm","6.9","3.4","227","10.9","69.0","77.3","25","32","49","25.61","0.00",7,"05","19"
"236","7 pm","0.6","2.6","232","10.1","66.8","77.7","26","31","48","25.62","0.00",7,"05","19"
"246","8 pm","0.0","3.7","289","10.6","63.4","77.6","33","34","48","25.62","0.00",7,"05","19"
"256","9 pm","0.0","6.0","349","17.9","61.8","77.1","39","37","48","25.62","0.00",7,"05","19"
"266","10 pm","0.0","16.1","311","28.2","59.5","76.5","47","40","48","25.62","0.00",7,"05","19"
"276","11 pm","0.0","7.5","293","16.6","60.0","75.9","44","38","48","25.61","0.00",7,"05","19"
"286","12 am","0.0","8.7","287","33.8","58.9","75.2","46","38","48","25.63","0.00",7,"05","19"
"57","1 am","0.0","12.2","299","34.2","56.0","74.5","59","42","48","25.62","0.00",8,"05","19"
"67","2 am","0.0","4.5","289","8.7","59.7","73.8","45","38","48","25.61","0.00",8,"05","19"
"77","3 am","0.0","3.0","264","10.4","56.8","73.2","52","39","47","25.61","0.00",8,"05","19"
"87","4 am","0.0","3.0","238","9.5","56.1","72.5","53","39","47","25.61","0.00",8,"05","19"
"97","5 am","0.2","2.3","285","5.3","53.4","71.9","59","39","46","25.61","0.00",8,"05","19"
"107","6 am","6.8","1.9","281","4.2","56.1","71.2","54","40","47","25.62","0.00",8,"05","19"
"117","7 am","25.4","3.9","306","10.2","63.0","70.5","41","39","50","25.63","0.00",8,"05","19"
"127","8 am","43.7","4.3","287","16.4","65.9","69.9","36","38","50","25.64","0.00",8,"05","19"
"137","9 am","60.0","7.3","296","16.9","67.1","69.6","33","37","51","25.64","0.00",8,"05","19"
"147","10 am","72.8","7.1","280","21.8","68.3","69.5","32","37","51","25.64","0.00",8,"05","19"
"157","11 am","81.2","6.4","287","18.1","70.5","69.5","29","36","52","25.64","0.00",8,"05","19"
"167","12 pm","85.0","9.1","271","25.9","71.8","70.2","21","29","50","25.62","0.00",8,"05","19"
"177","1 pm","82.2","8.9","273","25.6","72.3","71.4","21","30","50","25.60","0.00",8,"05","19"
"187","2 pm","76.3","8.2","279","21.2","73.5","73.0","19","29","50","25.59","0.00",8,"05","19"
"197","3 pm","65.0","7.3","296","21.3","73.3","74.7","18","28","50","25.57","0.00",8,"05","19"
"207","4 pm","50.3","6.2","247","26.5","73.8","76.2","15","23","49","25.56","0.00",8,"05","19"
"217","5 pm","32.6","5.6","283","26.8","74.0","77.5","14","23","49","25.55","0.00",8,"05","19"
"227","6 pm","9.9","4.6","286","20.3","72.1","78.4","16","23","48","25.54","0.00",8,"05","19"
"237","7 pm","0.9","4.8","226","16.0","69.5","78.8","19","26","48","25.54","0.00",8,"05","19"
"247","8 pm","0.0","3.7","65","10.0","66.6","78.7","31","35","50","25.55","0.00",8,"05","19"
"257","9 pm","0.0","5.6","59","10.3","66.4","78.2","31","35","49","25.56","0.00",8,"05","19"
"267","10 pm","0.0","4.1","32","9.3","65.8","77.7","31","35","49","25.56","0.00",8,"05","19"
"277","11 pm","0.0","1.2","256","5.4","62.8","77.0","34","34","48","25.56","0.00",8,"05","19"
"287","12 am","0.0","1.5","281","3.9","60.7","76.3","37","34","47","25.56","0.00",8,"05","19"
"58","1 am","0.0","1.9","307","4.7","58.1","75.6","42","35","46","25.55","0.00",9,"05","19"
"68","2 am","0.0","2.6","282","5.6","59.1","74.9","39","34","46","25.54","0.00",9,"05","19"
"78","3 am","0.0","3.9","277","5.7","59.1","74.2","39","34","46","25.53","0.00",9,"05","19"
"88","4 am","0.0","2.5","281","3.9","56.0","73.5","45","35","45","25.52","0.00",9,"05","19"
"98","5 am","0.3","2.7","286","5.3","55.4","72.8","48","36","45","25.51","0.00",9,"05","19"
"108","6 am","5.1","1.8","207","4.7","59.1","72.1","42","36","47","25.52","0.00",9,"05","19"
"118","7 am","14.7","9.2","111","20.5","61.9","71.5","38","36","48","25.54","0.00",9,"05","19"
"128","8 am","26.9","11.9","117","23.2","61.8","71.0","40","37","48","25.54","0.00",9,"05","19"
"138","9 am","43.5","16.3","114","30.6","62.6","70.7","42","39","49","25.55","0.00",9,"05","19"
"148","10 am","55.0","18.5","105","29.6","64.1","70.5","39","38","50","25.55","0.00",9,"05","19"
"158","11 am","75.0","15.2","104","26.7","65.5","70.7","36","38","50","25.55","0.00",9,"05","19"
"168","12 pm","83.0","13.0","106","23.3","67.1","71.1","35","38","51","25.54","0.00",9,"05","19"
"178","1 pm","66.5","11.1","102","23.8","67.4","72.0","34","38","51","25.52","0.00",9,"05","19"
"188","2 pm","59.6","12.9","102","28.4","67.8","73.3","34","38","51","25.50","0.00",9,"05","19"
"198","3 pm","57.9","12.0","117","23.8","69.4","74.6","30","37","51","25.48","0.00",9,"05","19"
"208","4 pm","46.3","10.4","116","21.0","70.0","75.7","30","37","52","25.45","0.00",9,"05","19"
"218","5 pm","32.7","10.7","122","20.1","70.0","76.7","30","37","52","25.44","0.00",9,"05","19"
"228","6 pm","7.9","10.8","122","18.0","68.0","77.4","32","37","51","25.43","0.00",9,"05","19"
"238","7 pm","0.4","9.0","123","19.9","64.6","77.8","44","41","51","25.43","0.01",9,"05","19"
"248","8 pm","0.0","7.3","75","23.2","59.8","77.9","61","46","52","25.45","0.14",9,"05","19"
"258","9 pm","0.0","6.1","95","12.9","58.8","77.4","65","47","52","25.46","0.00",9,"05","19"
"268","10 pm","0.0","5.1","48","22.2","59.0","76.7","62","46","51","25.48","0.00",9,"05","19"
"278","11 pm","0.0","5.2","278","17.8","56.8","75.9","69","47","51","25.48","0.00",9,"05","19"
"288","12 am","0.0","2.5","14","5.6","55.5","75.1","72","47","50","25.47","0.00",9,"05","19"
"59","1 am","0.0","2.1","312","6.4","54.7","74.3","75","47","50","25.46","0.00",10,"05","19"
"69","2 am","0.0","3.6","16","9.9","54.7","73.5","74","47","50","25.45","0.00",10,"05","19"
"79","3 am","0.0","4.5","43","13.3","54.9","72.7","70","45","49","25.45","0.00",10,"05","19"
"89","4 am","0.0","4.6","67","12.8","54.4","71.9","72","46","49","25.46","0.00",10,"05","19"
"99","5 am","0.1","3.6","77","10.4","53.5","71.2","74","46","49","25.47","0.00",10,"05","19"
"109","6 am","2.2","5.6","110","9.6","53.0","70.6","77","46","49","25.49","0.00",10,"05","19"
"119","7 am","21.1","7.1","122","18.2","54.2","70.0","75","46","50","25.50","0.00",10,"05","19"
"129","8 am","23.8","11.9","108","21.9","54.8","69.5","71","46","49","25.51","0.00",10,"05","19"
"139","9 am","27.7","12.0","101","20.5","56.0","69.2","67","45","50","25.53","0.00",10,"05","19"
"149","10 am","15.5","12.7","103","20.4","56.4","69.0","62","44","49","25.54","0.00",10,"05","19"
"159","11 am","11.5","11.7","110","21.1","56.7","69.0","60","43","49","25.55","0.00",10,"05","19"
"169","12 pm","9.9","9.2","107","15.6","58.0","68.8","52","41","48","25.55","0.00",10,"05","19"
"179","1 pm","35.1","6.4","112","14.8","60.2","68.7","52","42","50","25.55","0.00",10,"05","19"
"189","2 pm","51.2","3.6","106","12.9","61.1","68.6","57","45","52","25.55","0.00",10,"05","19"
"199","3 pm","68.9","4.5","118","12.9","63.7","68.7","48","44","52","25.54","0.00",10,"05","19"
"209","4 pm","55.5","5.8","41","11.5","62.9","69.3","51","45","52","25.54","0.00",10,"05","19"
"219","5 pm","14.3","4.2","32","10.3","60.7","70.4","54","44","51","25.55","0.00",10,"05","19"
"229","6 pm","5.6","10.4","317","20.9","58.1","71.2","63","45","51","25.55","0.00",10,"05","19"
"239","7 pm","0.9","13.3","316","22.4","56.2","71.5","71","47","51","25.56","0.00",10,"05","19"
"249","8 pm","0.0","11.1","314","18.6","56.4","71.4","70","47","51","25.58","0.00",10,"05","19"
"259","9 pm","0.0","7.9","307","13.5","57.2","71.0","66","46","51","25.59","0.00",10,"05","19"
"269","10 pm","0.0","4.1","319","11.5","57.8","70.5","60","44","50","25.60","0.00",10,"05","19"
"279","11 pm","0.0","5.4","22","14.1","57.0","69.9","60","43","49","25.61","0.00",10,"05","19"
"289","12 am","0.0","3.9","359","11.5","58.2","69.4","52","41","48","25.61","0.00",10,"05","19"
"510","1 am","0.0","2.5","35","16.7","58.5","68.9","51","40","48","25.61","0.00",11,"05","19"
"610","2 am","0.0","4.0","345","18.6","54.4","68.4","71","45","49","25.62","0.00",11,"05","19"
"710","3 am","0.0","7.2","308","14.7","56.4","67.9","59","42","48","25.61","0.00",11,"05","19"
"810","4 am","0.0","4.1","318","10.8","56.6","67.4","55","41","48","25.62","0.00",11,"05","19"
"910","5 am","0.3","2.7","26","8.3","56.9","67.0","54","40","48","25.62","0.00",11,"05","19"
"1010","6 am","4.8","3.0","42","9.4","57.8","66.5","53","41","48","25.63","0.00",11,"05","19"
"1110","7 am","21.2","3.9","64","16.4","60.1","65.9","51","42","50","25.65","0.00",11,"05","19"
"1210","8 am","35.4","10.0","117","19.8","60.8","65.6","50","42","50","25.66","0.00",11,"05","19"
"1310","9 am","51.1","11.6","115","22.7","62.5","65.4","49","43","51","25.67","0.00",11,"05","19"
"1410","10 am","76.3","9.1","110","21.3","64.9","65.3","46","43","52","25.67","0.00",11,"05","19"
"1510","11 am","66.5","7.9","124","18.1","65.2","65.6","46","44","53","25.67","0.00",11,"05","19"
"1610","12 pm","53.1","9.5","122","17.8","65.2","66.5","45","43","52","25.66","0.00",11,"05","19"
"1710","1 pm","19.0","8.2","114","18.6","64.3","67.8","45","43","52","25.65","0.00",11,"05","19"
"1810","2 pm","24.4","10.2","330","20.7","61.8","68.9","58","47","53","25.64","0.00",11,"05","19"
"1910","3 pm","60.3","10.0","310","19.5","64.2","69.6","51","46","53","25.63","0.00",11,"05","19"
"2010","4 pm","20.2","11.7","305","28.1","62.0","70.1","54","45","52","25.62","0.01",11,"05","19"
"2110","5 pm","16.1","10.1","311","19.8","62.4","70.6","48","42","51","25.62","0.00",11,"05","19"
"2210","6 pm","6.1","13.0","306","24.2","60.8","70.9","52","43","51","25.62","0.00",11,"05","19"
"2310","7 pm","0.5","11.3","308","19.2","60.8","70.9","45","39","49","25.63","0.00",11,"05","19"
"2410","8 pm","0.0","4.7","300","11.4","60.9","70.7","40","37","48","25.63","0.00",11,"05","19"
"2510","9 pm","0.0","4.7","310","9.6","59.6","70.3","45","38","48","25.64","0.00",11,"05","19"
"2610","10 pm","0.0","6.3","316","10.1","59.8","69.8","44","38","48","25.65","0.00",11,"05","19"
"2710","11 pm","0.0","8.5","315","13.3","61.4","69.2","40","37","48","25.64","0.00",11,"05","19"
"2810","12 am","0.0","9.6","316","13.7","61.7","68.7","40","37","48","25.64","0.00",11,"05","19"
"511","1 am","0.0","9.8","317","14.5","61.7","68.2","40","37","48","25.64","0.00",12,"05","19"
"611","2 am","0.0","11.0","314","15.5","61.0","67.7","41","37","48","25.63","0.00",12,"05","19"
"711","3 am","0.0","13.0","314","17.6","60.1","67.2","45","39","48","25.63","0.00",12,"05","19"
"811","4 am","0.0","13.3","314","18.6","59.9","66.8","47","40","49","25.64","0.00",12,"05","19"
"911","5 am","0.3","11.9","314","17.4","60.2","66.4","45","39","48","25.64","0.00",12,"05","19"
"1011","6 am","7.2","11.1","316","15.9","61.7","65.9","41","38","49","25.66","0.00",12,"05","19"
"1111","7 am","26.6","9.8","316","14.3","64.8","65.5","37","38","50","25.67","0.00",12,"05","19"
"1211","8 am","44.5","7.3","313","14.2","67.6","65.2","32","37","51","25.67","0.00",12,"05","19"
"1311","9 am","60.3","5.2","329","14.5","70.1","65.1","29","37","52","25.69","0.00",12,"05","19"
"1411","10 am","74.1","4.8","94","12.1","71.8","65.2","29","38","53","25.69","0.00",12,"05","19"
"1511","11 am","44.8","3.4","213","11.7","71.3","65.6","30","38","53","25.69","0.00",12,"05","19"
"1611","12 pm","33.7","3.9","104","10.6","71.3","66.5","30","38","52","25.68","0.00",12,"05","19"
"1711","1 pm","40.2","5.0","108","14.3","72.5","67.5","28","37","53","25.68","0.00",12,"05","19"
"1811","2 pm","76.6","6.2","286","13.3","74.5","68.5","25","36","53","25.66","0.00",12,"05","19"
"1911","3 pm","42.5","5.8","355","13.5","74.5","69.5","24","36","53","25.65","0.00",12,"05","19"
"2011","4 pm","27.9","3.0","111","10.2","74.1","70.8","24","35","52","25.64","0.00",12,"05","19"
"2111","5 pm","34.0","3.1","153","8.8","76.5","71.9","20","33","53","25.63","0.00",12,"05","19"
"2211","6 pm","13.0","2.6","295","7.9","75.2","72.7","20","31","52","25.63","0.00",12,"05","19"
"2311","7 pm","0.8","4.1","283","9.0","69.8","73.1","24","32","50","25.64","0.00",12,"05","19"
"2411","8 pm","0.0","4.2","313","6.9","64.7","73.2","30","33","48","25.65","0.00",12,"05","19"
"2511","9 pm","0.0","3.4","292","7.2","65.3","73.0","29","32","48","25.67","0.00",12,"05","19"
"2611","10 pm","0.0","4.7","277","6.6","63.4","72.6","31","32","47","25.68","0.00",12,"05","19"
"2711","11 pm","0.0","4.4","273","6.4","62.6","72.0","34","34","47","25.68","0.00",12,"05","19"
"2811","12 am","0.0","3.8","282","5.6","60.8","71.5","36","34","47","25.67","0.00",12,"05","19"
"512","1 am","0.0","3.9","287","7.4","62.5","70.9","34","34","47","25.67","0.00",13,"05","19"
"612","2 am","0.0","5.2","284","8.8","63.5","70.3","34","35","48","25.66","0.00",13,"05","19"
"712","3 am","0.0","7.9","321","15.0","65.6","69.6","32","35","49","25.67","0.00",13,"05","19"
"812","4 am","0.0","7.2","308","13.4","66.4","69.1","31","35","50","25.67","0.00",13,"05","19"
"912","5 am","0.3","4.3","262","8.9","63.9","68.6","34","35","48","25.68","0.00",13,"05","19"
"1012","6 am","7.4","3.5","280","6.5","63.9","68.1","36","37","49","25.69","0.00",13,"05","19"
"1112","7 am","26.9","1.0","268","4.5","73.3","67.6","25","35","52","25.71","0.00",13,"05","19"
"1212","8 am","44.9","2.2","176","6.9","74.2","67.2","25","36","53","25.72","0.00",13,"05","19"
"1312","9 am","60.9","3.5","120","10.2","74.8","67.1","25","37","53","25.73","0.00",13,"05","19"
"1412","10 am","74.6","3.4","188","11.6","76.2","67.1","25","38","54","25.73","0.00",13,"05","19"
"1512","11 am","85.1","4.8","170","15.2","77.0","67.5","24","38","55","25.73","0.00",13,"05","19"
"1612","12 pm","91.1","5.2","199","14.0","78.3","68.4","21","34","54","25.72","0.00",13,"05","19"
"1712","1 pm","90.5","5.5","192","17.3","79.4","69.9","16","30","53","25.71","0.00",13,"05","19"
"1812","2 pm","79.7","5.3","228","14.1","80.0","71.9","16","29","53","25.70","0.00",13,"05","19"
"1912","3 pm","68.8","4.8","208","15.4","80.2","74.0","15","28","53","25.69","0.00",13,"05","19"
"2012","4 pm","40.7","5.0","186","14.2","79.2","75.9","16","30","53","25.68","0.00",13,"05","19"
"2112","5 pm","22.0","4.2","211","16.1","78.1","77.4","17","30","52","25.67","0.00",13,"05","19"
"2212","6 pm","6.3","3.0","194","13.2","75.9","78.4","20","32","52","25.67","0.00",13,"05","19"
"2312","7 pm","1.1","1.8","71","8.3","73.0","78.7","23","33","51","25.67","0.00",13,"05","19"
"2412","8 pm","0.0","1.4","254","5.4","70.0","78.6","26","34","51","25.68","0.00",13,"05","19"
"2512","9 pm","0.0","6.1","280","19.2","70.2","78.2","23","30","49","25.69","0.00",13,"05","19"
"2612","10 pm","0.0","11.3","312","20.5","69.7","77.6","22","29","49","25.71","0.00",13,"05","19"
"2712","11 pm","0.0","14.3","319","23.5","68.7","76.9","28","34","50","25.71","0.00",13,"05","19"
"2812","12 am","0.0","14.1","316","21.5","67.6","76.2","29","34","50","25.70","0.00",13,"05","19"
"513","1 am","0.0","13.1","314","19.1","66.8","75.6","29","34","49","25.70","0.00",14,"05","19"
"613","2 am","0.0","13.8","317","21.0","67.5","75.0","25","30","48","25.70","0.00",14,"05","19"
"713","3 am","0.0","11.1","317","17.8","67.0","74.4","25","30","48","25.70","0.00",14,"05","19"
"813","4 am","0.0","10.1","314","19.0","65.4","73.8","29","32","48","25.70","0.00",14,"05","19"
"913","5 am","0.3","8.0","304","15.1","65.2","73.2","27","30","47","25.71","0.00",14,"05","19"
"1013","6 am","7.7","3.7","273","9.4","66.5","72.7","23","28","47","25.72","0.00",14,"05","19"
"1113","7 am","27.7","1.8","210","5.2","72.9","72.0","18","26","49","25.74","0.00",14,"05","19"
"1213","8 am","45.7","3.1","223","9.9","73.8","71.6","18","27","50","25.75","0.00",14,"05","19"
"1313","9 am","62.1","3.6","154","12.5","75.7","71.3","14","24","50","25.75","0.00",14,"05","19"
"1413","10 am","74.6","3.2","185","9.5","76.8","71.2","15","25","51","25.76","0.00",14,"05","19"
"1513","11 am","82.3","5.3","213","17.9","77.1","71.4","16","27","51","25.76","0.00",14,"05","19"
"1613","12 pm","85.6","5.6","207","20.2","77.6","72.1","15","27","51","25.75","0.00",14,"05","19"
"1713","1 pm","83.4","6.0","185","20.9","78.1","73.3","15","27","52","25.73","0.00",14,"05","19"
"1813","2 pm","73.3","6.1","227","18.9","78.7","75.0","16","28","52","25.71","0.00",14,"05","19"
"1913","3 pm","65.9","5.3","215","18.1","80.4","76.8","15","28","53","25.69","0.00",14,"05","19"
"2013","4 pm","49.0","6.2","121","23.4","79.8","78.3","15","27","52","25.68","0.00",14,"05","19"
"2113","5 pm","30.2","6.3","162","25.6","79.4","79.7","14","27","52","25.67","0.00",14,"05","19"
"2213","6 pm","11.6","3.2","175","13.8","77.4","80.6","16","28","52","25.66","0.00",14,"05","19"
"2313","7 pm","1.1","3.4","176","11.0","74.1","81.0","19","30","51","25.66","0.00",14,"05","19"
"2413","8 pm","0.0","3.8","254","10.3","72.0","80.9","21","30","50","25.67","0.00",14,"05","19"
"2513","9 pm","0.0","4.9","283","10.2","70.0","80.5","22","29","49","25.68","0.00",14,"05","19"
"2613","10 pm","0.0","5.4","286","10.7","69.5","79.9","20","26","48","25.69","0.00",14,"05","19"
"2713","11 pm","0.0","4.4","284","10.1","67.3","79.2","22","27","47","25.68","0.00",14,"05","19"
"2813","12 am","0.0","6.9","282","10.7","66.5","78.5","24","28","47","25.67","0.00",14,"05","19"
"514","1 am","0.0","6.4","269","10.8","65.4","77.8","26","30","47","25.66","0.00",15,"05","19"
"614","2 am","0.0","3.3","261","8.3","64.9","77.1","25","28","47","25.65","0.00",15,"05","19"
"714","3 am","0.0","1.0","278","2.5","62.2","76.4","28","28","45","25.64","0.00",15,"05","19"
"814","4 am","0.0","0.9","284","4.8","63.4","75.8","26","28","46","25.63","0.00",15,"05","19"
"914","5 am","0.3","2.0","287","5.5","62.7","75.2","26","27","45","25.63","0.00",15,"05","19"
"1014","6 am","5.1","2.4","284","6.3","65.2","74.5","24","27","46","25.63","0.00",15,"05","19"
"1114","7 am","14.4","2.1","98","6.5","68.2","73.9","22","28","48","25.64","0.00",15,"05","19"
"1214","8 am","29.9","2.2","194","7.6","71.1","73.4","20","28","49","25.65","0.00",15,"05","19"
"1314","9 am","49.8","3.5","201","12.9","72.5","73.0","20","29","50","25.65","0.00",15,"05","19"
"1414","10 am","70.3","3.8","195","15.1","74.5","72.9","19","29","51","25.65","0.00",15,"05","19"
"1514","11 am","78.3","5.3","152","18.1","75.7","73.0","16","26","50","25.65","0.00",15,"05","19"
"1614","12 pm","73.5","6.5","209","25.4","75.6","73.6","16","26","50","25.64","0.00",15,"05","19"
"1714","1 pm","55.3","7.0","188","24.7","75.5","74.6","17","27","51","25.62","0.00",15,"05","19"
"1814","2 pm","59.4","7.1","127","28.3","77.3","75.8","12","21","50","25.60","0.00",15,"05","19"
"1914","3 pm","56.7","6.4","210","23.3","77.9","76.9","9","13","49","25.59","0.00",15,"05","19"
"2014","4 pm","29.7","7.7","221","24.1","75.4","77.9","10","15","48","25.58","0.00",15,"05","19"
"2114","5 pm","16.3","6.1","232","19.1","73.3","78.8","11","16","47","25.58","0.00",15,"05","19"
"2214","6 pm","8.0","6.6","225","18.3","70.6","79.3","14","19","47","25.57","0.00",15,"05","19"
"2314","7 pm","0.9","4.6","275","13.2","67.9","79.4","16","21","46","25.56","0.00",15,"05","19"
"2414","8 pm","0.0","6.9","290","16.1","66.4","79.2","18","22","45","25.57","0.00",15,"05","19"
"2514","9 pm","0.0","6.7","287","15.1","64.8","78.9","18","21","44","25.58","0.00",15,"05","19"
"2614","10 pm","0.0","6.4","282","15.4","63.9","78.3","15","15","43","25.59","0.00",15,"05","19"
"2714","11 pm","0.0","3.5","287","14.2","61.2","77.7","14","12","41","25.56","0.00",15,"05","19"
"2814","12 am","0.0","2.0","285","7.2","62.1","77.1","15","13","42","25.54","0.00",15,"05","19"
"515","1 am","0.0","3.9","289","11.8","58.5","76.4","19","16","40","25.53","0.00",16,"05","19"
"615","2 am","0.0","5.0","278","15.9","61.8","75.6","14","12","41","25.52","0.00",16,"05","19"
"715","3 am","0.0","1.7","154","10.3","59.9","74.9","18","16","41","25.51","0.00",16,"05","19"
"815","4 am","0.0","2.1","190","5.7","56.9","74.2","26","22","41","25.50","0.00",16,"05","19"
"915","5 am","0.3","1.3","294","4.3","55.1","73.5","30","24","41","25.50","0.00",16,"05","19"
"1015","6 am","4.0","0.9","197","3.7","56.1","72.9","30","25","42","25.50","0.00",16,"05","19"
"1115","7 am","13.4","1.7","118","5.5","59.5","72.2","27","26","43","25.51","0.00",16,"05","19"
"1215","8 am","40.9","7.2","265","19.1","63.2","71.6","28","29","46","25.52","0.00",16,"05","19"
"1315","9 am","63.1","7.4","249","18.6","63.9","71.3","32","33","48","25.52","0.00",16,"05","19"
"1415","10 am","74.8","7.7","247","16.7","64.6","71.1","32","34","48","25.52","0.00",16,"05","19"
"1515","11 am","67.2","6.4","262","17.9","65.2","71.2","35","37","50","25.52","0.00",16,"05","19"
"1615","12 pm","62.0","6.3","246","18.3","65.3","71.8","36","38","50","25.52","0.00",16,"05","19"
"1715","1 pm","75.8","9.7","253","22.7","65.0","72.6","37","38","50","25.51","0.00",16,"05","19"
"1815","2 pm","31.6","9.2","247","27.3","63.3","73.8","37","36","49","25.51","0.00",16,"05","19"
"1915","3 pm","48.3","11.0","248","27.1","64.0","74.9","28","30","47","25.50","0.00",16,"05","19"
"2015","4 pm","35.5","14.3","277","26.6","62.5","75.7","24","26","45","25.50","0.00",16,"05","19"
"2115","5 pm","31.9","15.0","274","30.5","60.5","76.3","16","14","41","25.49","0.00",16,"05","19"
"2215","6 pm","12.4","11.2","276","23.2","58.0","76.7","23","20","41","25.50","0.00",16,"05","19"
"2315","7 pm","0.8","19.1","301","31.7","53.8","76.8","39","29","42","25.51","0.00",16,"05","19"
"2415","8 pm","0.0","24.9","306","38.7","51.5","76.5","44","30","41","25.51","0.00",16,"05","19"
"2515","9 pm","0.0","24.8","302","40.8","48.9","76.0","50","31","40","25.53","0.00",16,"05","19"
"2615","10 pm","0.0","25.7","294","45.8","48.0","75.4","50","30","40","25.53","0.00",16,"05","19"
"2715","11 pm","0.0","29.0","306","52.6","47.3","74.6","48","29","39","25.52","0.00",16,"05","19"
"2815","12 am","0.0","32.9","315","52.8","46.6","73.8","54","31","39","25.50","0.00",16,"05","19"
"516","1 am","0.0","27.9","324","52.8","45.8","73.0","57","31","39","25.51","0.00",17,"05","19"
"616","2 am","0.0","25.7","323","40.3","44.6","72.3","62","32","39","25.51","0.00",17,"05","19"
"716","3 am","0.0","23.2","316","39.2","43.7","71.5","65","33","38","25.53","0.00",17,"05","19"
"816","4 am","0.0","22.4","322","38.1","43.0","70.8","69","33","38","25.54","0.00",17,"05","19"
"916","5 am","0.3","25.1","312","37.2","43.4","70.1","65","32","38","25.52","0.00",17,"05","19"
"1016","6 am","8.1","19.5","314","32.7","44.6","69.4","59","31","38","25.54","0.00",17,"05","19"
"1116","7 am","28.2","20.7","313","35.0","46.0","68.7","55","31","39","25.57","0.00",17,"05","19"
"1216","8 am","46.3","19.3","310","28.2","48.2","68.1","48","30","39","25.58","0.00",17,"05","19"
"1316","9 am","63.0","18.2","311","29.6","49.8","67.7","47","30","40","25.59","0.00",17,"05","19"
"1416","10 am","73.9","17.2","312","28.7","52.0","67.4","41","29","41","25.60","0.00",17,"05","19"
"1516","11 am","76.5","16.0","308","30.8","54.7","67.4","33","26","41","25.61","0.00",17,"05","19"
"1616","12 pm","78.6","11.4","314","27.6","55.9","67.8","32","26","42","25.61","0.00",17,"05","19"
"1716","1 pm","84.9","9.4","289","30.1","58.4","68.5","29","26","43","25.61","0.00",17,"05","19"
"1816","2 pm","78.9","12.5","302","27.3","60.1","69.7","26","26","44","25.61","0.00",17,"05","19"
"1916","3 pm","66.9","14.8","316","26.2","60.5","71.1","25","24","43","25.60","0.00",17,"05","19"
"2016","4 pm","52.8","13.1","311","25.4","61.0","72.5","22","22","43","25.60","0.00",17,"05","19"
"2116","5 pm","34.9","9.5","307","21.8","61.2","73.7","20","20","43","25.60","0.00",17,"05","19"
"2216","6 pm","12.9","6.1","253","18.6","59.8","74.7","22","21","42","25.60","0.00",17,"05","19"
"2316","7 pm","0.7","6.3","287","15.6","57.6","75.1","24","21","41","25.60","0.00",17,"05","19"
"2416","8 pm","0.0","7.1","267","19.1","57.0","75.2","27","23","42","25.60","0.00",17,"05","19"
"2516","9 pm","0.0","5.8","321","18.6","56.5","74.8","27","23","41","25.61","0.00",17,"05","19"
"2616","10 pm","0.0","8.4","316","22.4","54.7","74.3","30","24","41","25.62","0.00",17,"05","19"
"2716","11 pm","0.0","7.8","309","19.8","51.4","73.6","38","27","40","25.64","0.00",17,"05","19"
"2816","12 am","0.0","15.3","309","20.3","50.6","72.9","40","27","40","25.63","0.00",17,"05","19"
"517","1 am","0.0","13.5","314","19.2","52.4","72.2","33","24","40","25.62","0.00",18,"05","19"
"617","2 am","0.0","6.7","313","15.3","53.5","71.5","28","21","39","25.62","0.00",18,"05","19"
"717","3 am","0.0","4.0","292","8.3","53.2","70.9","28","21","39","25.61","0.00",18,"05","19"
"817","4 am","0.0","3.4","287","6.7","51.3","70.2","31","21","38","25.61","0.00",18,"05","19"
"917","5 am","0.3","2.0","302","4.7","46.8","69.6","36","21","36","25.62","0.00",18,"05","19"
"1017","6 am","8.1","2.5","291","5.2","51.0","68.9","33","23","39","25.62","0.00",18,"05","19"
"1117","7 am","28.5","1.7","4","5.4","61.9","68.2","21","21","43","25.64","0.00",18,"05","19"
"1217","8 am","46.4","4.0","116","10.5","63.0","67.7","20","22","44","25.65","0.00",18,"05","19"
"1317","9 am","58.4","3.4","179","8.9","64.2","67.4","20","22","44","25.66","0.00",18,"05","19"
"1417","10 am","71.0","4.7","137","13.6","64.6","67.3","19","21","44","25.66","0.00",18,"05","19"
"1517","11 am","78.1","4.8","178","15.9","65.7","67.5","17","20","45","25.66","0.00",18,"05","19"
"1617","12 pm","83.0","5.2","179","16.4","66.4","68.1","16","19","45","25.66","0.00",18,"05","19"
"1717","1 pm","79.2","5.3","157","19.1","66.5","69.1","15","17","44","25.65","0.00",18,"05","19"
"1817","2 pm","74.8","7.4","138","21.9","67.3","70.6","14","17","45","25.63","0.00",18,"05","19"
"1917","3 pm","58.7","5.8","197","14.7","68.1","72.1","15","18","45","25.61","0.00",18,"05","19"
"2017","4 pm","36.0","6.8","148","18.1","67.2","73.6","15","19","45","25.59","0.00",18,"05","19"
"2117","5 pm","19.5","5.3","114","17.5","67.1","74.8","16","19","45","25.57","0.00",18,"05","19"
"2217","6 pm","10.4","6.0","194","18.7","66.6","75.7","18","22","46","25.56","0.00",18,"05","19"
"2317","7 pm","1.0","5.5","238","17.2","64.1","76.1","22","25","45","25.55","0.00",18,"05","19"
"2417","8 pm","0.0","5.1","268","13.4","62.5","76.1","21","23","44","25.55","0.00",18,"05","19"
"2517","9 pm","0.0","10.0","282","18.0","61.6","75.8","21","21","43","25.54","0.00",18,"05","19"
"2617","10 pm","0.0","11.4","297","19.5","59.8","75.4","20","18","42","25.54","0.00",18,"05","19"
"2717","11 pm","0.0","9.4","291","21.7","59.7","74.9","23","22","43","25.52","0.00",18,"05","19"
"2817","12 am","0.0","18.5","286","31.6","58.5","74.4","38","33","45","25.51","0.00",18,"05","19"
"518","1 am","0.0","17.3","295","32.9","56.4","73.9","46","36","46","25.49","0.00",19,"05","19"
"618","2 am","0.0","18.3","294","32.4","55.4","73.3","48","36","45","25.48","0.00",19,"05","19"
"718","3 am","0.0","17.0","318","28.9","53.4","72.9","52","36","44","25.47","0.00",19,"05","19"
"818","4 am","0.0","18.5","317","31.1","49.4","72.4","62","37","43","25.46","0.00",19,"05","19"
"918","5 am","0.1","14.6","321","27.0","49.4","71.9","64","38","43","25.45","0.00",19,"05","19"
"1018","6 am","1.2","16.7","315","27.6","47.6","71.4","72","39","43","25.47","0.00",19,"05","19"
"1118","7 am","14.9","14.7","313","24.0","49.4","70.8","66","39","44","25.47","0.00",19,"05","19"
"1218","8 am","28.8","14.4","283","33.1","53.9","70.3","46","34","44","25.48","0.00",19,"05","19"
"1318","9 am","36.0","11.2","296","26.1","54.2","69.9","47","34","44","25.49","0.00",19,"05","19"
"1418","10 am","61.1","6.7","264","23.2","56.5","69.6","44","35","45","25.49","0.00",19,"05","19"
"1518","11 am","75.1","9.5","268","24.6","58.2","69.5","36","32","45","25.50","0.00",19,"05","19"
"1618","12 pm","78.2","11.2","289","25.3","59.9","69.8","29","28","44","25.49","0.00",19,"05","19"
"1718","1 pm","86.8","10.8","276","25.7","61.5","70.5","22","22","43","25.48","0.00",19,"05","19"
"1818","2 pm","81.7","9.2","273","24.7","63.5","71.6","18","20","44","25.46","0.00",19,"05","19"
"1918","3 pm","62.8","8.4","279","22.5","63.2","72.9","18","18","43","25.44","0.00",19,"05","19"
"2018","4 pm","42.6","9.4","277","25.1","61.4","74.2","23","23","43","25.44","0.00",19,"05","19"
"2118","5 pm","33.2","12.2","283","24.7","60.1","75.5","19","18","42","25.43","0.00",19,"05","19"
"2218","6 pm","13.2","11.7","273","23.6","57.1","76.2","23","19","41","25.43","0.00",19,"05","19"
"2318","7 pm","0.7","14.8","279","28.2","52.9","76.6","34","25","40","25.43","0.00",19,"05","19"
"2418","8 pm","0.0","19.3","288","36.8","49.7","76.5","49","31","41","25.43","0.00",19,"05","19"
"2518","9 pm","0.0","17.5","299","27.9","47.0","76.0","62","35","41","25.45","0.00",19,"05","19"
"2618","10 pm","0.0","16.3","285","27.3","45.8","75.4","63","34","40","25.45","0.00",19,"05","19"
"2718","11 pm","0.0","19.4","293","34.7","44.2","74.6","68","34","39","25.45","0.01",19,"05","19"
"2818","12 am","0.0","27.3","288","46.8","43.8","73.8","64","33","38","25.41","0.00",19,"05","19"
"519","1 am","0.0","27.1","290","47.3","43.4","73.0","60","30","37","25.39","0.00",20,"05","19"
"619","2 am","0.0","30.7","302","53.1","42.9","72.1","58","29","37","25.38","0.00",20,"05","19"
"719","3 am","0.0","29.1","306","45.8","42.1","71.3","62","30","36","25.39","0.00",20,"05","19"
"819","4 am","0.0","25.7","306","40.9","41.3","70.4","64","30","36","25.39","0.00",20,"05","19"
"919","5 am","0.3","24.0","304","41.9","40.7","69.7","65","30","36","25.41","0.00",20,"05","19"
"1019","6 am","6.2","13.4","326","28.8","41.1","68.9","64","30","36","25.44","0.00",20,"05","19"
"1119","7 am","6.4","14.9","313","44.0","40.9","68.2","65","30","36","25.45","0.00",20,"05","19"
"1219","8 am","39.5","10.3","304","22.7","44.5","67.5","59","31","38","25.47","0.00",20,"05","19"
"1319","9 am","66.3","11.8","302","23.6","47.8","67.0","52","31","40","25.49","0.00",20,"05","19"
"1419","10 am","77.1","10.1","319","21.6","50.6","66.6","45","30","41","25.49","0.00",20,"05","19"
"1519","11 am","84.5","10.4","303","28.1","52.9","66.5","38","28","41","25.50","0.00",20,"05","19"
"1619","12 pm","85.9","13.1","282","30.8","54.7","66.8","33","26","41","25.51","0.00",20,"05","19"
"1719","1 pm","84.2","10.7","277","33.8","56.7","67.6","31","26","42","25.51","0.00",20,"05","19"
"1819","2 pm","78.7","9.5","279","28.9","58.5","68.9","28","26","43","25.51","0.00",20,"05","19"
"1919","3 pm","67.7","9.4","284","28.1","60.3","70.3","25","25","43","25.51","0.00",20,"05","19"
"2019","4 pm","53.0","10.0","304","30.0","60.9","71.7","24","24","43","25.51","0.00",20,"05","19"
"2119","5 pm","35.2","9.4","296","22.4","61.2","73.0","23","23","43","25.51","0.00",20,"05","19"
"2219","6 pm","13.2","5.4","289","18.6","60.2","74.0","23","23","43","25.51","0.00",20,"05","19"
"2319","7 pm","0.7","7.1","292","19.5","56.0","74.6","27","22","41","25.52","0.00",20,"05","19"
"2419","8 pm","0.0","11.1","307","23.2","53.6","74.7","32","24","40","25.53","0.00",20,"05","19"
"2519","9 pm","0.0","10.5","317","20.8","52.2","74.5","37","27","40","25.55","0.00",20,"05","19"
"2619","10 pm","0.0","18.0","316","29.7","50.6","74.0","45","30","41","25.55","0.00",20,"05","19"
"2719","11 pm","0.0","20.4","308","30.3","49.4","73.3","47","30","40","25.54","0.00",20,"05","19"
"2819","12 am","0.0","21.5","313","30.2","48.2","72.7","50","30","40","25.53","0.00",20,"05","19"
"520","1 am","0.0","18.1","307","29.8","47.5","71.9","46","28","38","25.51","0.00",21,"05","19"
"620","2 am","0.0","12.9","296","24.9","46.2","71.2","48","28","38","25.51","0.00",21,"05","19"
"720","3 am","0.0","8.1","317","27.2","45.6","70.5","49","28","37","25.49","0.00",21,"05","19"
"820","4 am","0.0","10.8","289","27.9","46.4","69.8","44","26","37","25.48","0.00",21,"05","19"
"920","5 am","0.7","15.0","292","33.2","47.1","69.2","42","25","37","25.47","0.00",21,"05","19"
"1020","6 am","10.0","20.5","287","40.3","48.5","68.5","40","25","38","25.46","0.00",21,"05","19"
"1120","7 am","26.8","14.9","271","36.5","49.6","67.9","42","28","39","25.46","0.00",21,"05","19"
"1220","8 am","45.8","11.1","262","32.8","52.3","67.3","35","26","40","25.45","0.00",21,"05","19"
"1320","9 am","62.6","13.3","261","28.7","52.5","67.0","39","29","41","25.46","0.00",21,"05","19"
"1420","10 am","75.3","14.6","268","34.3","54.8","66.8","37","29","42","25.45","0.00",21,"05","19"
"1520","11 am","83.1","21.1","275","44.3","56.2","66.7","31","26","42","25.43","0.00",21,"05","19"
"1620","12 pm","85.2","20.6","272","41.5","57.5","67.1","28","24","42","25.41","0.00",21,"05","19"
"1720","1 pm","82.7","17.2","267","39.7","58.5","67.7","27","24","43","25.40","0.00",21,"05","19"
"1820","2 pm","76.9","19.0","271","42.8","58.6","68.8","27","25","43","25.39","0.00",21,"05","19"
"1920","3 pm","63.2","21.9","274","43.8","58.5","70.0","29","26","43","25.37","0.00",21,"05","19"
"2020","4 pm","45.5","22.0","274","44.4","57.6","71.1","31","27","43","25.34","0.00",21,"05","19"
"2120","5 pm","28.0","20.8","269","47.3","55.3","72.1","36","29","42","25.33","0.00",21,"05","19"
"2220","6 pm","10.1","22.4","287","45.4","52.8","72.7","39","29","41","25.33","0.00",21,"05","19"
"2320","7 pm","1.0","22.2","297","47.8","50.2","73.0","40","27","39","25.33","0.00",21,"05","19"
"2420","8 pm","0.0","12.0","287","31.3","48.8","72.8","43","27","39","25.36","0.00",21,"05","19"
"2520","9 pm","0.0","21.2","311","44.1","48.3","72.4","44","27","39","25.36","0.00",21,"05","19"
"2620","10 pm","0.0","22.3","314","42.0","47.6","71.8","47","28","39","25.36","0.00",21,"05","19"
"2720","11 pm","0.0","18.9","311","33.2","46.8","71.2","51","30","39","25.37","0.00",21,"05","19"
"2820","12 am","0.0","18.6","312","29.4","46.2","70.5","52","30","38","25.36","0.00",21,"05","19"
"521","1 am","0.0","16.2","315","27.1","45.7","69.9","53","29","38","25.35","0.00",22,"05","19"
"621","2 am","0.0","15.0","313","25.7","45.6","69.2","53","29","38","25.34","0.00",22,"05","19"
"721","3 am","0.0","14.2","313","23.2","44.8","68.6","56","30","38","25.34","0.00",22,"05","19"
"821","4 am","0.0","14.6","309","23.5","44.0","68.0","59","31","38","25.33","0.00",22,"05","19"
"921","5 am","0.2","14.6","313","22.2","43.5","67.5","61","31","38","25.32","0.00",22,"05","19"
"1021","6 am","3.8","14.8","313","26.5","43.8","67.0","61","31","38","25.33","0.00",22,"05","19"
"1121","7 am","10.4","15.9","315","26.2","43.5","66.5","64","32","38","25.35","0.00",22,"05","19"
"1221","8 am","18.7","10.9","313","19.8","46.0","66.0","58","32","39","25.36","0.00",22,"05","19"
"1321","9 am","24.2","9.1","317","16.0","47.1","65.7","56","32","40","25.36","0.00",22,"05","19"
"1421","10 am","38.4","6.8","340","17.7","49.2","65.5","52","32","41","25.38","0.00",22,"05","19"
"1521","11 am","21.6","3.1","52","10.9","48.0","65.5","59","34","41","25.38","0.00",22,"05","19"
"1621","12 pm","38.6","4.5","46","11.9","48.7","65.6","61","36","42","25.39","0.00",22,"05","19"
"1721","1 pm","61.0","5.8","27","17.3","50.9","65.8","55","35","43","25.39","0.00",22,"05","19"
"1821","2 pm","48.1","7.4","332","15.2","50.4","66.1","56","35","43","25.38","0.00",22,"05","19"
"1921","3 pm","71.2","7.7","291","19.1","53.9","66.6","46","33","44","25.38","0.00",22,"05","19"
"2021","4 pm","40.6","10.3","325","20.0","50.7","67.3","57","36","43","25.38","0.00",22,"05","19"
"2121","5 pm","16.6","11.6","311","19.5","47.6","68.2","64","36","42","25.39","0.00",22,"05","19"
"2221","6 pm","6.9","6.0","292","13.8","47.8","68.9","61","35","41","25.39","0.00",22,"05","19"
"2321","7 pm","1.3","6.4","107","12.0","45.8","69.3","73","38","42","25.41","0.00",22,"05","19"
"2421","8 pm","0.0","4.5","88","9.1","44.2","69.4","76","37","41","25.43","0.00",22,"05","19"
"2521","9 pm","0.0","2.4","254","7.6","44.1","69.2","72","36","40","25.44","0.00",22,"05","19"
"2621","10 pm","0.0","10.3","304","21.3","44.7","68.9","62","33","39","25.43","0.00",22,"05","19"
"2721","11 pm","0.0","9.9","299","25.9","45.6","68.5","60","32","39","25.43","0.00",22,"05","19"
"2821","12 am","0.0","9.4","300","25.0","45.6","68.0","61","33","39","25.43","0.00",22,"05","19"
"522","1 am","0.0","5.1","239","16.1","45.8","67.5","60","33","39","25.44","0.00",23,"05","19"
"622","2 am","0.0","3.4","128","10.1","44.3","67.0","65","33","39","25.44","0.00",23,"05","19"
"722","3 am","0.0","3.7","292","10.6","42.5","66.5","72","34","38","25.45","0.00",23,"05","19"
"822","4 am","0.0","2.3","270","7.0","43.9","66.0","71","35","40","25.46","0.00",23,"05","19"
"922","5 am","0.3","1.8","318","7.5","43.1","65.6","71","34","39","25.47","0.00",23,"05","19"
"1022","6 am","11.1","3.1","272","6.5","45.7","65.0","67","35","41","25.49","0.00",23,"05","19"
"1122","7 am","15.3","1.9","184","5.6","48.1","64.5","64","36","42","25.51","0.00",23,"05","19"
"1222","8 am","18.7","4.2","240","15.0","48.2","64.2","64","36","42","25.54","0.00",23,"05","19"
"1322","9 am","25.6","6.2","232","17.1","48.7","63.9","66","38","43","25.56","0.00",23,"05","19"
"1422","10 am","25.5","5.5","240","14.2","49.1","63.8","64","38","43","25.58","0.00",23,"05","19"
"1522","11 am","34.1","5.4","225","14.5","51.2","63.9","58","37","44","25.60","0.00",23,"05","19"
"1622","12 pm","20.4","6.0","220","16.4","50.7","64.1","58","37","43","25.62","0.00",23,"05","19"
"1722","1 pm","17.6","5.3","218","14.7","51.1","64.3","58","37","44","25.63","0.00",23,"05","19"
"1822","2 pm","28.5","5.2","218","15.9","53.1","64.6","53","37","44","25.63","0.00",23,"05","19"
"1922","3 pm","27.2","4.7","210","15.7","54.3","64.9","50","36","45","25.63","0.00",23,"05","19"
"2022","4 pm","11.4","5.3","224","14.5","53.5","65.2","53","37","45","25.63","0.00",23,"05","19"
"2122","5 pm","12.2","3.0","234","9.8","53.5","65.5","58","39","46","25.63","0.00",23,"05","19"
"2222","6 pm","7.2","4.9","116","11.7","54.4","65.7","52","37","45","25.63","0.00",23,"05","19"
"2322","7 pm","0.8","3.9","113","9.7","53.4","65.8","54","37","45","25.64","0.00",23,"05","19"
"2422","8 pm","0.0","1.7","101","4.2","51.4","65.8","58","37","44","25.65","0.00",23,"05","19"
"2522","9 pm","0.0","0.9","105","3.5","50.9","65.7","58","37","44","25.67","0.00",23,"05","19"
"2622","10 pm","0.0","1.4","99","4.0","51.2","65.5","58","37","44","25.67","0.00",23,"05","19"
"2722","11 pm","0.0","2.6","280","4.3","46.7","65.2","67","36","41","25.67","0.00",23,"05","19"
"2822","12 am","0.0","1.6","280","3.6","46.0","64.9","70","37","41","25.67","0.00",23,"05","19"
"523","1 am","0.0","3.7","277","6.9","45.8","64.5","71","37","41","25.66","0.00",24,"05","19"
"623","2 am","0.0","3.1","275","4.5","46.2","64.1","71","37","42","25.66","0.00",24,"05","19"
"723","3 am","0.0","3.8","279","7.3","46.3","63.7","72","38","42","25.65","0.00",24,"05","19"
"823","4 am","0.0","3.3","279","4.5","43.4","63.2","76","36","40","25.65","0.00",24,"05","19"
"923","5 am","0.4","3.1","280","4.2","42.1","62.8","79","36","39","25.66","0.00",24,"05","19"
"1023","6 am","8.2","2.6","284","4.4","46.9","62.3","72","38","42","25.67","0.00",24,"05","19"
"1123","7 am","28.3","2.3","77","6.8","56.8","61.8","49","38","47","25.68","0.00",24,"05","19"
"1223","8 am","45.7","3.5","118","9.6","58.6","61.5","45","38","47","25.69","0.00",24,"05","19"
"1323","9 am","59.5","4.5","110","11.7","59.6","61.4","42","37","47","25.70","0.00",24,"05","19"
"1423","10 am","71.3","5.0","117","14.5","61.3","61.4","39","36","48","25.70","0.00",24,"05","19"
"1523","11 am","83.0","4.9","192","18.9","63.1","61.6","35","35","48","25.70","0.00",24,"05","19"
"1623","12 pm","72.3","3.5","214","15.4","63.8","62.2","33","34","48","25.69","0.00",24,"05","19"
"1723","1 pm","79.7","4.3","167","14.3","65.6","63.2","30","33","49","25.68","0.00",24,"05","19"
"1823","2 pm","24.7","4.9","152","12.6","62.9","64.7","32","33","47","25.67","0.00",24,"05","19"
"1923","3 pm","31.9","2.6","48","7.9","64.6","66.2","29","32","48","25.65","0.00",24,"05","19"
"2023","4 pm","36.7","3.5","345","9.9","66.2","67.4","27","31","48","25.64","0.00",24,"05","19"
"2123","5 pm","30.2","4.0","129","17.0","66.6","68.3","26","31","48","25.62","0.00",24,"05","19"
"2223","6 pm","5.2","3.5","275","11.7","63.2","69.0","29","31","47","25.62","0.00",24,"05","19"
"2323","7 pm","1.0","1.8","262","7.0","60.9","69.5","31","30","45","25.62","0.00",24,"05","19"
"2423","8 pm","0.0","2.2","272","5.5","57.8","69.8","34","29","44","25.62","0.00",24,"05","19"
"2523","9 pm","0.0","3.3","268","4.9","54.9","69.7","37","29","42","25.62","0.00",24,"05","19"
"2623","10 pm","0.0","3.8","272","5.3","53.4","69.4","40","30","42","25.62","0.00",24,"05","19"
"2723","11 pm","0.0","3.9","274","5.4","52.3","68.9","45","32","42","25.61","0.00",24,"05","19"
"2823","12 am","0.0","3.9","278","5.1","51.6","68.4","47","32","42","25.60","0.00",24,"05","19"
"524","1 am","0.0","3.4","281","5.3","50.6","67.8","47","31","41","25.59","0.00",25,"05","19"
"624","2 am","0.0","3.8","282","5.7","50.7","67.2","46","31","41","25.58","0.00",25,"05","19"
"724","3 am","0.0","2.1","268","4.7","51.4","66.7","44","30","41","25.57","0.00",25,"05","19"
"824","4 am","0.0","2.3","283","6.8","51.9","66.1","44","31","42","25.57","0.00",25,"05","19"
"924","5 am","0.4","4.0","265","6.3","52.7","65.6","43","31","42","25.57","0.00",25,"05","19"
"1024","6 am","8.5","2.8","278","4.8","55.3","65.0","41","32","44","25.57","0.00",25,"05","19"
"1124","7 am","29.0","2.5","124","7.1","63.1","64.4","31","32","47","25.58","0.00",25,"05","19"
"1224","8 am","46.8","3.1","167","8.7","64.9","64.0","29","32","48","25.59","0.00",25,"05","19"
"1324","9 am","62.6","4.3","195","14.4","66.2","63.7","26","30","48","25.60","0.00",25,"05","19"
"1424","10 am","75.0","5.4","204","17.2","66.5","63.7","23","27","47","25.60","0.00",25,"05","19"
"1524","11 am","83.1","5.4","166","16.2","67.6","64.0","20","26","47","25.60","0.00",25,"05","19"
"1624","12 pm","83.9","6.5","135","21.1","68.5","64.6","19","24","47","25.59","0.00",25,"05","19"
"1724","1 pm","84.2","7.3","133","21.8","68.9","65.5","19","25","47","25.59","0.00",25,"05","19"
"1824","2 pm","78.8","7.7","137","21.0","69.6","67.0","18","25","48","25.57","0.00",25,"05","19"
"1924","3 pm","60.5","7.5","181","24.5","70.4","68.7","19","26","48","25.55","0.00",25,"05","19"
"2024","4 pm","56.2","7.9","140","23.5","70.8","70.3","18","26","48","25.54","0.00",25,"05","19"
"2124","5 pm","29.2","6.0","143","19.3","69.6","71.8","17","23","47","25.53","0.00",25,"05","19"
"2224","6 pm","14.2","6.5","165","19.9","68.2","72.9","17","21","46","25.52","0.00",25,"05","19"
"2324","7 pm","0.7","6.3","108","15.3","64.3","73.7","17","19","44","25.53","0.00",25,"05","19"
"2424","8 pm","0.0","2.9","81","10.4","62.1","73.9","17","17","42","25.53","0.00",25,"05","19"
"2524","9 pm","0.0","3.6","270","9.3","61.0","73.8","29","28","45","25.54","0.00",25,"05","19"
"2624","10 pm","0.0","4.7","286","9.1","60.0","73.4","41","36","47","25.53","0.00",25,"05","19"
"2724","11 pm","0.0","6.7","293","17.3","58.1","72.9","40","34","46","25.52","0.00",25,"05","19"
"2824","12 am","0.0","4.9","272","9.1","58.1","72.3","41","34","46","25.50","0.00",25,"05","19"
"525","1 am","0.0","4.5","267","7.7","57.6","71.7","40","34","45","25.49","0.00",26,"05","19"
"625","2 am","0.0","4.7","271","8.7","56.9","71.1","44","35","45","25.48","0.00",26,"05","19"
"725","3 am","0.0","3.8","272","7.8","56.1","70.5","47","36","46","25.47","0.00",26,"05","19"
"825","4 am","0.0","5.5","260","8.9","55.3","69.9","44","34","44","25.46","0.00",26,"05","19"
"925","5 am","0.5","6.5","264","10.7","53.5","69.3","45","33","43","25.46","0.00",26,"05","19"
"1025","6 am","8.4","4.3","264","9.7","55.1","68.8","44","34","44","25.48","0.00",26,"05","19"
"1125","7 am","28.5","3.5","157","11.7","59.9","68.1","36","33","46","25.49","0.00",26,"05","19"
"1225","8 am","46.8","5.5","121","13.7","59.8","67.6","35","32","46","25.50","0.00",26,"05","19"
"1325","9 am","55.6","6.9","120","13.3","60.0","67.4","33","31","45","25.51","0.00",26,"05","19"
"1425","10 am","76.2","6.2","133","15.1","62.7","67.2","31","32","47","25.52","0.00",26,"05","19"
"1525","11 am","82.1","5.3","190","17.8","63.9","67.3","28","30","47","25.52","0.00",26,"05","19"
"1625","12 pm","76.5","5.3","169","17.9","65.0","67.7","26","29","47","25.53","0.00",26,"05","19"
"1725","1 pm","37.6","5.6","160","17.6","63.8","68.6","23","25","45","25.52","0.00",26,"05","19"
"1825","2 pm","24.4","5.8","239","16.4","62.9","69.7","27","28","46","25.51","0.00",26,"05","19"
"1925","3 pm","36.8","5.3","253","14.7","62.8","70.6","28","29","46","25.51","0.00",26,"05","19"
"2025","4 pm","16.6","5.8","259","14.7","60.8","71.3","31","30","45","25.50","0.00",26,"05","19"
"2125","5 pm","9.3","6.0","270","14.1","59.1","71.8","36","32","45","25.50","0.00",26,"05","19"
"2225","6 pm","3.7","5.0","218","15.6","57.5","72.1","38","32","45","25.50","0.00",26,"05","19"
"2325","7 pm","0.7","5.6","259","12.5","56.3","72.2","38","31","44","25.50","0.00",26,"05","19"
"2425","8 pm","0.0","15.6","321","30.9","52.3","72.1","42","30","41","25.50","0.00",26,"05","19"
"2525","9 pm","0.0","23.9","312","35.1","48.7","71.8","50","31","40","25.50","0.00",26,"05","19"
"2625","10 pm","0.0","21.7","316","37.1","46.8","71.4","58","33","40","25.51","0.00",26,"05","19"
"2725","11 pm","0.0","26.2","312","39.4","44.4","70.9","68","34","40","25.50","0.00",26,"05","19"
"2825","12 am","0.0","27.6","314","44.7","42.8","70.3","70","34","38","25.51","0.00",26,"05","19"
"526","1 am","0.0","25.0","303","40.0","43.5","69.7","62","31","38","25.50","0.00",27,"05","19"
"626","2 am","0.0","22.9","301","37.4","43.4","69.1","57","29","37","25.50","0.00",27,"05","19"
"726","3 am","0.0","22.2","301","40.8","41.8","68.5","61","29","36","25.50","0.00",27,"05","19"
"826","4 am","0.0","22.6","303","35.2","40.8","68.0","61","28","35","25.49","0.00",27,"05","19"
"926","5 am","0.3","24.5","302","35.9","40.6","67.4","63","29","35","25.49","0.00",27,"05","19"
"1026","6 am","8.6","15.1","284","34.8","41.0","66.8","64","30","36","25.52","0.00",27,"05","19"
"1126","7 am","27.0","12.9","295","35.4","42.8","66.1","61","30","37","25.53","0.00",27,"05","19"
"1226","8 am","42.4","8.2","296","31.9","44.8","65.6","58","31","38","25.55","0.00",27,"05","19"
"1326","9 am","44.1","7.1","259","21.7","47.3","65.2","54","31","40","25.58","0.00",27,"05","19"
"1426","10 am","74.2","12.2","296","27.0","49.7","64.9","47","30","40","25.60","0.00",27,"05","19"
"1526","11 am","83.0","10.8","278","22.2","53.0","64.8","40","29","42","25.60","0.00",27,"05","19"
"1626","12 pm","86.4","7.7","285","24.1","56.1","65.0","35","29","43","25.61","0.00",27,"05","19"
"1726","1 pm","83.9","7.2","291","21.2","57.9","65.6","32","28","43","25.61","0.00",27,"05","19"
"1826","2 pm","78.3","6.1","282","17.2","59.7","66.8","29","28","44","25.60","0.00",27,"05","19"
"1926","3 pm","67.4","6.9","245","19.7","60.9","68.2","27","27","44","25.60","0.00",27,"05","19"
"2026","4 pm","53.0","6.2","279","22.1","62.0","69.6","25","26","45","25.60","0.00",27,"05","19"
"2126","5 pm","34.9","5.7","262","17.5","62.3","71.0","25","26","45","25.60","0.00",27,"05","19"
"2226","6 pm","14.5","5.8","304","16.4","60.6","72.1","25","25","44","25.60","0.00",27,"05","19"
"2326","7 pm","0.8","6.5","288","12.8","57.4","72.8","28","24","42","25.61","0.00",27,"05","19"
"2426","8 pm","0.0","5.9","287","11.6","55.9","73.1","30","25","42","25.61","0.00",27,"05","19"
"2526","9 pm","0.0","6.0","334","12.6","55.9","73.0","32","27","42","25.61","0.00",27,"05","19"
"2626","10 pm","0.0","9.0","312","17.8","53.0","72.7","41","30","42","25.61","0.00",27,"05","19"
"2726","11 pm","0.0","10.8","299","15.4","52.2","72.1","43","30","41","25.60","0.00",27,"05","19"
"2826","12 am","0.0","9.6","290","14.0","51.8","71.6","43","30","41","25.60","0.00",27,"05","19"
"527","1 am","0.0","7.3","295","12.6","51.9","70.9","41","29","41","25.60","0.00",28,"05","19"
"627","2 am","0.0","3.9","277","9.9","52.3","70.3","38","27","41","25.59","0.00",28,"05","19"
"727","3 am","0.0","2.9","326","11.0","52.0","69.7","37","27","40","25.59","0.00",28,"05","19"
"827","4 am","0.0","3.6","285","9.9","53.0","69.1","35","26","41","25.59","0.00",28,"05","19"
"927","5 am","0.4","1.7","297","4.7","49.0","68.5","43","27","39","25.59","0.00",28,"05","19"
"1027","6 am","8.5","4.0","298","7.5","54.1","67.9","36","28","42","25.59","0.00",28,"05","19"
"1127","7 am","29.6","2.7","110","8.0","62.0","67.2","27","28","45","25.59","0.00",28,"05","19"
"1227","8 am","46.3","4.2","199","10.5","61.7","66.7","29","29","45","25.60","0.00",28,"05","19"
"1327","9 am","61.8","3.8","167","13.4","63.2","66.4","29","30","46","25.61","0.00",28,"05","19"
"1427","10 am","74.1","4.0","333","10.7","64.6","66.3","28","30","47","25.62","0.00",28,"05","19"
"1527","11 am","81.9","7.1","296","18.9","66.1","66.4","26","30","48","25.61","0.00",28,"05","19"
"1627","12 pm","84.8","8.8","313","20.8","66.4","66.9","26","30","48","25.60","0.00",28,"05","19"
"1727","1 pm","83.1","6.4","311","17.3","68.0","67.7","25","31","49","25.59","0.00",28,"05","19"
"1827","2 pm","77.7","6.3","295","23.9","69.6","68.9","24","32","50","25.58","0.00",28,"05","19"
"1927","3 pm","67.0","6.1","244","16.7","69.4","70.4","24","31","49","25.56","0.00",28,"05","19"
"2027","4 pm","53.7","6.1","279","17.8","70.1","71.9","24","32","50","25.56","0.00",28,"05","19"
"2127","5 pm","35.8","5.1","254","19.1","70.2","73.3","24","32","50","25.55","0.00",28,"05","19"
"2227","6 pm","11.4","6.4","265","23.0","67.6","74.5","25","30","48","25.55","0.00",28,"05","19"
"2327","7 pm","1.6","6.8","4","20.8","65.7","75.3","28","32","48","25.56","0.00",28,"05","19"
"2427","8 pm","0.0","4.3","103","12.1","64.0","75.6","33","34","48","25.58","0.00",28,"05","19"
"2527","9 pm","0.0","3.4","87","9.7","62.9","75.5","35","35","48","25.59","0.00",28,"05","19"
"2627","10 pm","0.0","2.9","177","8.0","63.3","75.2","35","35","48","25.60","0.00",28,"05","19"
"2727","11 pm","0.0","3.3","31","9.3","62.6","74.8","37","36","48","25.60","0.00",28,"05","19"
"2827","12 am","0.0","4.1","314","7.8","60.5","74.3","39","35","47","25.60","0.00",28,"05","19"
"528","1 am","0.0","4.0","339","12.8","59.3","73.7","42","36","47","25.59","0.00",29,"05","19"
"628","2 am","0.0","5.3","324","9.6","58.5","73.1","47","38","47","25.58","0.00",29,"05","19"
"728","3 am","0.0","7.3","314","10.5","57.2","72.5","48","38","47","25.58","0.00",29,"05","19"
"828","4 am","0.0","7.1","310","11.0","58.4","71.9","47","38","47","25.58","0.00",29,"05","19"
"928","5 am","0.7","7.5","302","12.5","58.3","71.4","48","39","48","25.59","0.00",29,"05","19"
"1028","6 am","8.9","1.9","0","5.5","60.7","70.8","44","38","48","25.60","0.00",29,"05","19"
"1128","7 am","26.1","3.0","34","6.1","65.9","70.2","34","37","50","25.61","0.00",29,"05","19"
"1228","8 am","45.0","4.0","236","9.1","67.6","69.7","33","37","51","25.62","0.00",29,"05","19"
"1328","9 am","55.7","3.9","156","12.7","68.7","69.4","31","37","51","25.63","0.00",29,"05","19"
"1428","10 am","69.0","3.8","181","11.3","69.9","69.3","30","37","52","25.63","0.00",29,"05","19"
"1528","11 am","76.4","4.5","239","13.3","71.1","69.5","29","37","52","25.63","0.00",29,"05","19"
"1628","12 pm","64.5","5.9","251","13.8","72.1","69.9","27","36","52","25.63","0.00",29,"05","19"
"1728","1 pm","78.8","5.5","265","14.8","75.0","70.6","23","34","53","25.61","0.00",29,"05","19"
"1828","2 pm","24.5","5.5","98","13.3","72.5","71.7","24","33","51","25.60","0.00",29,"05","19"
"1928","3 pm","18.7","5.9","100","16.4","71.9","72.9","26","35","52","25.60","0.00",29,"05","19"
"2028","4 pm","15.5","7.3","103","16.1","70.7","74.0","30","37","52","25.59","0.00",29,"05","19"
"2128","5 pm","26.8","4.9","106","10.4","72.5","74.6","27","36","52","25.58","0.00",29,"05","19"
"2228","6 pm","13.5","4.6","94","10.2","72.0","75.1","26","35","52","25.58","0.00",29,"05","19"
"2328","7 pm","0.9","3.4","108","7.7","68.1","75.3","30","35","50","25.59","0.00",29,"05","19"
"2428","8 pm","0.0","1.7","235","9.2","66.7","75.4","32","36","50","25.61","0.00",29,"05","19"
"2528","9 pm","0.0","1.9","307","4.1","62.5","75.3","37","36","48","25.62","0.00",29,"05","19"
"2628","10 pm","0.0","4.3","50","7.4","64.9","75.0","34","36","49","25.63","0.00",29,"05","19"
"2728","11 pm","0.0","3.6","36","7.5","65.0","74.5","34","36","49","25.63","0.00",29,"05","19"
"2828","12 am","0.0","8.5","323","17.5","64.8","74.1","32","34","49","25.63","0.00",29,"05","19"
"529","1 am","0.0","11.0","314","18.1","64.5","73.5","26","29","47","25.63","0.00",30,"05","19"
"629","2 am","0.0","8.9","315","14.2","64.4","73.0","26","29","46","25.62","0.00",30,"05","19"
"729","3 am","0.0","8.3","319","14.3","64.6","72.5","26","29","47","25.62","0.00",30,"05","19"
"829","4 am","0.0","7.5","300","13.6","64.1","72.1","27","29","47","25.62","0.00",30,"05","19"
"929","5 am","0.4","5.3","268","8.0","61.8","71.6","30","30","46","25.62","0.00",30,"05","19"
"1029","6 am","8.4","3.2","282","6.4","62.7","71.1","32","33","47","25.64","0.00",30,"05","19"
"1129","7 am","29.0","1.0","44","3.9","72.3","70.6","24","34","51","25.65","0.00",30,"05","19"
"1229","8 am","41.7","2.3","182","6.4","73.2","70.2","24","34","52","25.66","0.00",30,"05","19"
"1329","9 am","56.8","2.9","170","9.6","74.5","69.9","23","34","52","25.67","0.00",30,"05","19"
"1429","10 am","52.5","4.1","211","11.7","74.4","69.9","23","34","52","25.67","0.00",30,"05","19"
"1529","11 am","62.4","5.2","212","16.0","74.5","70.1","22","33","52","25.68","0.00",30,"05","19"
"1629","12 pm","60.2","5.0","196","16.7","75.2","70.4","20","32","52","25.67","0.00",30,"05","19"
"1729","1 pm","80.8","6.1","158","21.6","76.5","71.0","18","30","52","25.65","0.00",30,"05","19"
"1829","2 pm","79.8","5.4","205","19.6","77.8","71.9","15","26","51","25.64","0.00",30,"05","19"
"1929","3 pm","65.6","7.7","131","24.2","77.8","73.1","15","27","52","25.63","0.00",30,"05","19"
"2029","4 pm","44.7","6.3","137","20.7","77.8","74.4","17","29","52","25.62","0.00",30,"05","19"
"2129","5 pm","22.2","8.1","118","26.6","76.1","75.7","19","30","52","25.61","0.00",30,"05","19"
"2229","6 pm","14.9","4.8","128","15.1","75.8","76.8","18","29","51","25.60","0.00",30,"05","19"
"2329","7 pm","1.1","4.5","100","11.0","72.0","77.5","20","29","50","25.61","0.00",30,"05","19"
"2429","8 pm","0.0","3.1","93","9.6","69.4","77.8","21","27","48","25.63","0.00",30,"05","19"
"2529","9 pm","0.0","2.2","48","8.5","67.8","77.8","23","29","48","25.64","0.00",30,"05","19"
"2629","10 pm","0.0","4.6","288","8.3","66.9","77.6","33","37","50","25.66","0.00",30,"05","19"
"2729","11 pm","0.0","3.9","282","9.1","66.3","77.1","32","36","50","25.66","0.00",30,"05","19"
"2829","12 am","0.0","3.8","274","6.7","65.0","76.6","33","35","49","25.66","0.00",30,"05","19"
"530","1 am","0.0","3.8","271","6.9","64.3","76.0","35","36","49","25.65","0.00",31,"05","19"
"630","2 am","0.0","3.6","264","7.3","62.3","75.5","36","35","48","25.64","0.00",31,"05","19"
"730","3 am","0.0","4.8","267","7.4","61.9","74.9","33","32","47","25.64","0.00",31,"05","19"
"830","4 am","0.0","5.3","272","8.8","63.1","74.3","30","31","47","25.63","0.00",31,"05","19"
"930","5 am","0.5","4.7","274","6.8","60.6","73.7","33","31","46","25.63","0.00",31,"05","19"
"1030","6 am","8.4","2.2","287","4.8","62.7","73.1","33","33","47","25.64","0.00",31,"05","19"
"1130","7 am","28.4","3.1","71","8.0","71.3","72.4","26","34","51","25.65","0.00",31,"05","19"
"1230","8 am","46.1","7.5","97","13.4","72.4","71.9","24","33","51","25.66","0.00",31,"05","19"
"1330","9 am","61.9","7.7","119","15.2","73.5","71.6","23","34","52","25.66","0.00",31,"05","19"
"1430","10 am","74.4","9.3","122","18.1","74.6","71.5","20","31","51","25.66","0.00",31,"05","19"
"1530","11 am","82.3","9.8","122","21.9","75.8","71.5","18","29","51","25.66","0.00",31,"05","19"
"1630","12 pm","85.4","9.7","128","21.8","76.7","71.9","15","25","51","25.65","0.00",31,"05","19"
"1730","1 pm","83.9","9.9","116","25.9","76.9","72.6","15","25","51","25.64","0.00",31,"05","19"
"1830","2 pm","75.7","13.0","122","25.0","77.6","73.8","15","26","51","25.62","0.00",31,"05","19"
"1930","3 pm","67.7","8.3","123","23.4","78.1","75.1","14","24","51","25.61","0.00",31,"05","19"
"2030","4 pm","52.9","8.4","116","33.1","77.4","76.5","13","23","50","25.59","0.00",31,"05","19"
"2130","5 pm","36.0","8.8","119","21.0","77.0","77.8","13","22","50","25.58","0.00",31,"05","19"
"2230","6 pm","15.3","8.3","117","18.4","75.2","78.9","14","24","50","25.57","0.00",31,"05","19"
"2330","7 pm","1.1","5.4","100","16.1","71.6","79.6","18","26","49","25.57","0.00",31,"05","19"
"2430","8 pm","0.0","2.0","83","7.7","69.3","79.9","19","26","48","25.58","0.00",31,"05","19"
"2530","9 pm","0.0","0.2","341","2.2","65.3","79.9","23","26","46","25.60","0.00",31,"05","19"
"2630","10 pm","0.0","0.6","273","3.8","63.2","79.6","24","26","45","25.60","0.00",31,"05","19"
"2730","11 pm","0.0","2.2","288","5.5","60.9","79.1","28","27","44","25.59","0.00",31,"05","19"
"2830","12 am","0.0","2.6","293","10.2","62.7","78.5","26","28","45","25.59","0.00",31,"05","19"
